signId,gloss,fidelity,reviewer,credential,reviewedOn,verdict,notes
SCARED,SCARED,uncertain,,,,,
QUIET,QUIET,uncertain,,,,,
BREAD,BREAD,approximate,,,,,
SHOW,SHOW,approximate,,,,,
START,START,approximate,,,,,
PAY,PAY,approximate,,,,,
HOSPITAL,HOSPITAL,approximate,,,,,
CHRISTMAS,CHRISTMAS,approximate,,,,,
ELEPHANT,ELEPHANT,approximate,,,,,
HE_SHE,HE/SHE,citation,,,,,
EASY,EASY,approximate,,,,,
YOUNG,YOUNG,approximate,,,,,
GRAND,GRAND,approximate,,,,,
DOG,DOG,approximate,,,,,
ANSWER,ANSWER,approximate,,,,,
BORN,BORN,approximate,,,,,
AUNT,AUNT,approximate,,,,,
QUEEN,QUEEN,citation,,,,,
APPLE,APPLE,approximate,,,,,
BEAR,BEAR,approximate,,,,,
VEGETABLE,VEGETABLE,approximate,,,,,
GET,GET,approximate,,,,,
WE,WE,citation,,,,,
HERE,HERE,approximate,,,,,
RIGHT_CORRECT,RIGHT,approximate,,,,,
GOOD,GOOD,approximate,,,,,
SEE,SEE,citation,,,,,
ALL,ALL,approximate,,,,,
HOW,HOW,approximate,,,,,
NO,NO,citation,,,,,
WHAT,WHAT,citation,,,,,
WHEN,WHEN,approximate,,,,,
TIME,TIME,approximate,,,,,
BOY,BOY,approximate,,,,,
WORK,WORK,approximate,,,,,
NIGHT,NIGHT,approximate,,,,,
BABY,BABY,approximate,,,,,
MARRY,MARRY,approximate,,,,,
MAKE,MAKE,approximate,,,,,
ME,ME,citation,,,,,
HELP,HELP,approximate,,,,,
GOD,GOD,approximate,,,,,
NOTHING,NOTHING,approximate,,,,,
DAY,DAY,approximate,,,,,
AGAIN,AGAIN,approximate,,,,,
CLEAN,CLEAN,approximate,,,,,
FIND,FIND,approximate,,,,,
LIFE,LIFE,approximate,,,,,
MONEY,MONEY,approximate,,,,,
STOP,STOP,approximate,,,,,
WAIT,WAIT,approximate,,,,,
WORLD,WORLD,approximate,,,,,
NAME,NAME,approximate,,,,,
NEW,NEW,approximate,,,,,
SAME_INDEX,SAME(index),approximate,,,,,
OLD,OLD,approximate,,,,,
SING,SING,approximate,,,,,
UNDERSTAND,UNDERSTAND,approximate,,,,,
MORNING,MORNING,approximate,,,,,
MANY,MANY,approximate,,,,,
FRIEND,FRIEND,approximate,,,,,
CITY,CITY,approximate,,,,,
HARD,HARD,approximate,,,,,
READY,READY,approximate,,,,,
LISTEN,LISTEN,approximate,,,,,
TRY,TRY,approximate,,,,,
PROBLEM,PROBLEM,approximate,,,,,
ANOTHER,ANOTHER,approximate,,,,,
CHILD,CHILD,citation,,,,,
GOODBYE,GOODBYE,approximate,,,,,
SCHOOL,SCHOOL,approximate,,,,,
DOCTOR,DOCTOR,approximate,,,,,
LATER,LATER,approximate,,,,,
ROOM,ROOM,approximate,,,,,
DOOR,DOOR,approximate,,,,,
EXCUSE_ME,EXCUSE-ME,approximate,,,,,
SICK,SICK,approximate,,,,,
YEAR,YEAR,approximate,,,,,
POLICE,POLICE,citation,,,,,
FACE,FACE,approximate,,,,,
WORRY,WORRY,approximate,,,,,
COLD,COLD,approximate,,,,,
IMPORTANT,IMPORTANT,approximate,,,,,
CRAZY,CRAZY,approximate,,,,,
SIT,SIT,approximate,,,,,
FORGET,FORGET,approximate,,,,,
CHANGE,CHANGE,approximate,,,,,
LAW,LAW,approximate,,,,,
LEARN,LEARN,approximate,,,,,
WEEK,WEEK,approximate,,,,,
UNCLE,UNCLE,approximate,,,,,
BOSS,BOSS,approximate,,,,,
SURPRISED,SURPRISED,approximate,,,,,
HATE,HATE,approximate,,,,,
HOT,HOT,approximate,,,,,
FAST,FAST,approximate,,,,,
FUNNY,FUNNY,approximate,,,,,
SEND,SEND,approximate,,,,,
BUY,BUY,approximate,,,,,
STAND,STAND,approximate,,,,,
CHOOSE,CHOOSE,approximate,,,,,
READ,READ,approximate,,,,,
BREAK,BREAK,approximate,,,,,
CUT,CUT,approximate,,,,,
LOSE,LOSE,approximate,,,,,
FIRE,FIRE,approximate,,,,,
BED,BED,approximate,,,,,
GAME,GAME,approximate,,,,,
FALL,FALL,approximate,,,,,
MY,MY,citation,,,,,
KING,KING,citation,,,,,
HAIR,HAIR,approximate,,,,,
STRONG,STRONG,approximate,,,,,
WHITE,WHITE,citation,,,,,
BUSY,BUSY,approximate,,,,,
SELL,SELL,approximate,,,,,
TRAVEL,TRAVEL,approximate,,,,,
DANCE,DANCE,approximate,,,,,
WRITE,WRITE,approximate,,,,,
VISIT,VISIT,approximate,,,,,
MONTH,MONTH,approximate,,,,,
NOON,NOON,approximate,,,,,
COFFEE,COFFEE,approximate,,,,,
HORSE,HORSE,approximate,,,,,
FISH,FISH,approximate,,,,,
SUN,SUN,approximate,,,,,
STAR,STAR,approximate,,,,,
TABLE,TABLE,approximate,,,,,
CHAIR,CHAIR,approximate,,,,,
CHURCH,CHURCH,approximate,,,,,
PAPER,PAPER,approximate,,,,,
TRAIN,TRAIN,approximate,,,,,
NURSE,NURSE,approximate,,,,,
HEARING,HEARING,approximate,,,,,
BLIND,BLIND,approximate,,,,,
MEDICINE,MEDICINE,approximate,,,,,
PREGNANT,PREGNANT,approximate,,,,,
SMILE,SMILE,citation,,,,,
LAUGH,LAUGH,citation,,,,,
CRY,CRY,citation,,,,,
EXCITED,EXCITED,approximate,,,,,
PROUD,PROUD,citation,,,,,
NERVOUS,NERVOUS,approximate,,,,,
BORED,BORED,approximate,,,,,
ORANGE,ORANGE,approximate,,,,,
COLOR,COLOR,approximate,,,,,
SLOW,SLOW,approximate,,,,,
DIRTY,DIRTY,approximate,,,,,
DECIDE,DECIDE,approximate,,,,,
STUDY,STUDY,approximate,,,,,
COOK,COOK,approximate,,,,,
KITCHEN,KITCHEN,approximate,,,,,
THURSDAY,THURSDAY,approximate,,,,,
WINTER,WINTER,approximate,,,,,
MILK,MILK,approximate,,,,,
MEAT,MEAT,approximate,,,,,
CHEESE,CHEESE,approximate,,,,,
FRUIT,FRUIT,approximate,,,,,
BIRD,BIRD,approximate,,,,,
DUCK,DUCK,approximate,,,,,
PIG,PIG,approximate,,,,,
SNAKE,SNAKE,approximate,,,,,
ANIMAL,ANIMAL,approximate,,,,,
MOON,MOON,approximate,,,,,
RAIN,RAIN,approximate,,,,,
SNOW,SNOW,approximate,,,,,
TREE,TREE,approximate,,,,,
FLOWER,FLOWER,approximate,,,,,
WEATHER,WEATHER,approximate,,,,,
LANGUAGE,LANGUAGE,approximate,,,,,
BIKE,BIKE,approximate,,,,,
FAT,FAT,approximate,,,,,
JUMP,JUMP,approximate,,,,,
MOUSE,MOUSE,approximate,,,,,
DEER,DEER,approximate,,,,,
DONT_KNOW,DON’T-KNOW,approximate,,,,,
HAVE,HAVE,citation,,,,,
YOUR,YOUR,citation,,,,,
THEY,THEY,citation,,,,,
CAN,CAN,citation,,,,,
KNOW,KNOW,citation,,,,,
WILL,WILL,citation,,,,,
GO,GO,citation,,,,,
SAY,SAY,citation,,,,,
PERSON,PERSON,citation,,,,,
NEED,NEED,citation,,,,,
LIKE,LIKE,citation,,,,,
RIGHT_DIRECTION,RIGHT(direction),citation,,,,,
HELLO,HELLO,citation,,,,,
NOW,NOW,citation,,,,,
COME,COME,citation,,,,,
MAYBE,MAYBE,citation,,,,,
WANT,WANT,citation,,,,,
TRUE,TRUE,citation,,,,,
WHO,WHO,citation,,,,,
THINK,THINK,citation,,,,,
WHY,WHY,citation,,,,,
YES,YES,citation,,,,,
THANK-YOU,THANK-YOU,citation,,,,,
MAN,MAN,citation,,,,,
MUCH,MUCH,citation,,,,,
WHERE,WHERE,citation,,,,,
FATHER,FATHER,citation,,,,,
MOTHER,MOTHER,citation,,,,,
SMALL,SMALL,citation,,,,,
PHONE,PHONE,citation,,,,,
MORE,MORE,citation,,,,,
GIRL,GIRL,citation,,,,,
DIE,DIE,citation,,,,,
THING,THING,citation,,,,,
PLEASE,PLEASE,citation,,,,,
SORRY,SORRY,citation,,,,,
LOVE,LOVE,citation,,,,,
GIVE,GIVE,citation,,,,,
EAT,EAT,citation,,,,,
WOMAN,WOMAN,citation,,,,,
FINISH,FINISH,citation,,,,,
TODAY,TODAY,citation,,,,,
CAR,CAR,citation,,,,,
BEAUTIFUL,BEAUTIFUL,citation,,,,,
BIG,BIG,citation,,,,,
HOME,HOME,citation,,,,,
ALWAYS,ALWAYS,citation,,,,,
BAD,BAD,citation,,,,,
HAPPY,HAPPY,citation,,,,,
HOUSE,HOUSE,citation,,,,,
EAR,EAR,citation,,,,,
WRONG,WRONG,citation,,,,,
FINE,FINE,citation,,,,,
FEEL,FEEL,citation,,,,,
LEFT,LEFT,citation,,,,,
FAMILY,FAMILY,citation,,,,,
ASK,ASK,citation,,,,,
LIVE,LIVE,citation,,,,,
SAME,SAME,citation,,,,,
PAIN,PAIN,citation,,,,,
CLOSE,CLOSE,citation,,,,,
PLAY,PLAY,citation,,,,,
DRINK,DRINK,citation,,,,,
ANGRY,ANGRY,citation,,,,,
TOMORROW,TOMORROW,citation,,,,,
WATER,WATER,citation,,,,,
OPEN,OPEN,citation,,,,,
MEET,MEET,citation,,,,,
ROAD,ROAD,citation,,,,,
IDEA,IDEA,citation,,,,,
SIGN,SIGN,citation,,,,,
WELCOME,WELCOME,citation,,,,,
SLEEP,SLEEP,citation,,,,,
SAD,SAD,citation,,,,,
BOOK,BOOK,citation,,,,,
DIFFERENT,DIFFERENT,citation,,,,,
TEACH,TEACH,citation,,,,,
TEAM,TEAM,citation,,,,,
MOUTH,MOUTH,citation,,,,,
BODY,BODY,citation,,,,,
RED,RED,citation,,,,,
BLACK,BLACK,citation,,,,,
PULL,PULL,citation,,,,,
WALK,WALK,citation,,,,,
PLANE,PLANE,citation,,,,,
TIRED,TIRED,citation,,,,,
HUNGRY,HUNGRY,citation,,,,,
YESTERDAY,YESTERDAY,citation,,,,,
GROUP,GROUP,citation,,,,,
CLASS,CLASS,citation,,,,,
EYE,EYE,citation,,,,,
NOSE,NOSE,citation,,,,,
NECK,NECK,citation,,,,,
STOMACH,STOMACH,citation,,,,,
BLUE,BLUE,citation,,,,,
GREEN,GREEN,citation,,,,,
BROWN,BROWN,citation,,,,,
HEAVY,HEAVY,citation,,,,,
PUSH,PUSH,citation,,,,,
FRIDAY,FRIDAY,citation,,,,,
SATURDAY,SATURDAY,citation,,,,,
SUNDAY,SUNDAY,citation,,,,,
SUMMER,SUMMER,citation,,,,,
CAT,CAT,citation,,,,,
SKY,SKY,citation,,,,,
WIND,WIND,citation,,,,,
CLOTHES,CLOTHES,citation,,,,,
BATHROOM,BATHROOM,citation,,,,,
UP,UP,citation,,,,,
DOWN,DOWN,citation,,,,,
YOU,YOU,citation,,,,,
DEAF,DEAF,citation,,,,,
ORGANIZATION,ORGANIZATION,citation,,,,,
TOOTH,TOOTH,citation,,,,,
YELLOW,YELLOW,citation,,,,,
PURPLE,PURPLE,citation,,,,,
PINK,PINK,citation,,,,,
LIGHT_WEIGHT,LIGHT(weight),citation,,,,,
MONDAY,MONDAY,citation,,,,,
TUESDAY,TUESDAY,citation,,,,,
WEDNESDAY,WEDNESDAY,citation,,,,,
THIRSTY,THIRSTY,citation,,,,,
COW,COW,citation,,,,,
I_LOVE_YOU,I-LOVE-YOU,citation,,,,,
LIBRARY,LIBRARY,citation,,,,,
